id,profession,tier,name,type,category,target,cost,drain_per_s,cooldown_s,cast_s,charge_s,charge_mode,charge_min,power_flat,power_mult,power_per_level,damage_type,shape,range,speed,size_w,size_h,radius,radius_growth,arc_deg,hits,hit_every_s,hit_once,pierce,recovery_s,plane,knockback_chance,knockback_force,status,explode_radius,explode_power_flat,explode_power_mult,explode_damage_type,duration_s,tick_s,stats,element,variant_of,light_radius,weapon_req,armor_req,icon,cast_circle,effect,notes
luminence_orb,scholar,0,Luminance Orb,LightOrb,Magic,,Mana:8,,8,1.5,1.5,FullAuto,,,,,,,,,,,,,,,,,,,,,,,,,,,30,,,,,80,staff;wand,ropes;leather;None,,magic/sprites/magic_circle_golden_color.png|1,Creates a light orb (stationary or following). Multiple allowed.,Existing id (keep it to update the existing orb). duration_s is per spell level.
mana_missile,scholar,2,Mana Missile,Attack,Magic,,Mana:14,,6,3,3,Full,,8,0.6,0.2,Energy,Projectile,400,420,16,16,,,,,,,,,Any,,,,,,,,,,,,,,staff;wand,ropes;leather;None,,magic/circles/magicmissile.png|4,Fast single-target mana projectile (high damage).,
fire_missile,scholar,,Fire Missile,Attack,Magic,,Mana:50,,,5,5,Full,,14,0.6,0.25,Fire,Projectile,400,420,16,16,,,,,,,,,,,,Burn,,,,,,,,Fire,mana_missile,,staff;wand,ropes;leather;None,,,Mana Missile cast right after Fire Attribute.,An element variant: no profession level or cooldown of its own (it uses mana_missile's).
mana_burst,scholar,2,Mana Burst,Attack,Magic,,Mana:22,,11,0.5,,,,6,0.4,,Energy,Projectile,320,380,12,12,,,,,,,,,,,,,64,4,0.5,Energy,,,,,,,,,,,Small area explosion of mana around a target.,
arcane_lance,scholar,2,Arcane Lance,Attack,Magic,,Mana:18,,9,0.6,,,,10,0.5,,Energy,Projectile,360,520,10,6,,,,,,,3,,,,,,,,,,,,,,,,,,,,Piercing mana bolt that can hit multiple enemies in a line.,
power_strike,soldier,2,Power Strike,Attack,Skill,,Stamina:16;Health:3,,8,0.33,,,,5,1.0,,Weapon,Melee,32,,52,52,,,,,,,,0.13,Ground,0.4,350,,,,,,,,,,,,,,,,Strong single-target melee attack with high stagger chance.,Existing id. 'Stagger' has no mechanic yet -- knockback stands in. Costs two pools at once.
cleave,soldier,2,Cleave,Attack,Skill,,Stamina:18,,10,0.3,,,,,0.8,,Weapon,Swing,40,,48,16,,,120,3,0.05,yes,,0.2,,,,,,,,,,,,,,,,,,,Wide melee attack that hits multiple enemies.,
consecrate,priest,2,Consecrate,Attack,Magic,,Faith:22,,13,0.5,,,,3,0.2,,Holy,Slam,0,,,,96,0,,5,1,no,,0.2,,,,,,,,,,,,,,,,,,,Small area that deals Holy damage over time to enemies.,"A Slam that pulses 5 times, once a second, centered on the caster (range 0)."
weapon_mastery,soldier,0,Weapon Mastery,Passive,,,,,,,,,,,,,,,,,,,,,,,,,,,,,,,,,,,,,damage:3,,,,,,,,Improves basic weapon handling and slightly increases Attack.,
fortify,soldier,1,Fortify,Buff,,Self,Stamina:20,,30,,,,,,,,,,,,,,,,,,,,,,,,,,,,,,8,,def:20,,,,,,,,Temporary large Defense boost.,
intimidate,soldier,0,Intimidate,Debuff,,Area,Stamina:12,,18,,,,,,,,,,,,,,160,,,,,,,,,,,,,,,,6,,att:-10,,,,,,,,Slightly lowers nearby enemies Attack for a short time.,
healing_touch,priest,1,Healing Touch,Heal,Magic,Ally,Faith:18,,8,0.8,,,,20,0.5,,,,200,,,,,,,,,,,,,,,,,,,,,,,,,,,,,,Moderate single-target heal.,
renew,priest,1,Renew,Heal,Magic,Ally,Faith:20,,14,,,,,4,0.1,,,,200,,,,,,,,,,,,,,,,,,,,10,2,,,,,,,,,Heal over time on a single target.,power is per tick: 5 ticks of 4 + 10% MATT.
mana_shield,scholar,1,Mana Shield,Shield,Magic,Self,Mana:20,,22,,,,,30,0.8,,,,,,,,,,,,,,,,,,,,,,,,10,,,,,,,,,,Absorbs a limited amount of damage before breaking.,Existing id. power = how much damage it absorbs.
defensive_stance,soldier,0,Defensive Stance,Toggle,,Self,,Stamina:5,,,,,,,,,,,,,,,,,,,,,,,,,,,,,,,,,def:15;move_speed:-20,,,,,,,,"Increases Defense, reduces movement speed.",
quick_step,explorer,1,Quick Step,Dash,,Self,Stamina:12,,7,0.1,,,,,,,,,128,,,,,,,,,,,,,,,,,,,,,,,,,,,,,,Short directional dash.,
fire_attribute,scholar,0,Fire Attribute,Transformation,,,,,5,,,,,,,,,,,,,,,,,,,,,,,,,,,,,,,,,Fire,,,,,,,The next Magic spell with a Fire variant comes out as that variant.,Existing id.
overcharge,scholar,1,Overcharge,Enhancer,,,,,2,,,,,,,,,,,,,,,,,,,,,,,,,,,,,,,,damage:1.5;cost:1.6,,,,,,,,The next spell deals 50% more damage and costs 60% more.,"Existing id. For an Enhancer, stats are multipliers."
whisper,scholar,0,Whisper,Utility,,Party,Mana:6,,10,,,,,,,,,,2000,,,,,,,,,,,,,,,,,,,,,,,,,,,,,,Sends a short magical message to a party member at long range.,Needs parties first.
